{
  "best_params": {
    "colsample_bytree": 1.0,
    "learning_rate": 0.05,
    "max_depth": 7,
    "n_estimators": 300,
    "subsample": 0.8
  },
  "best_score": -66.2000487577033,
  "train_metrics": {
    "RMSE": 0.1707077814667056,
    "MAE": 0.1297666934411897,
    "R2": 0.9999447662802253
  },
  "val_metrics": {
    "RMSE": 2.104122080647077,
    "MAE": 1.55982453125,
    "R2": 0.9450047472988179
  },
  "test_metrics": {
    "RMSE": 29.33987831391951,
    "MAE": 26.75646966796875,
    "R2": -4.826970371880126
  },
  "feature_importance": {
    "feature": {
      "2": "low",
      "1": "high",
      "7": "close_ma_5",
      "4": "close_lag_1",
      "0": "open",
      "5": "close_lag_2",
      "8": "close_ma_10",
      "6": "close_lag_3",
      "9": "close_std_5",
      "3": "volume"
    },
    "importance": {
      "2": 0.49170032143592834,
      "1": 0.33190903067588806,
      "7": 0.05680561438202858,
      "4": 0.052090372890233994,
      "0": 0.050423406064510345,
      "5": 0.010613735765218735,
      "8": 0.003703567199409008,
      "6": 0.001965874107554555,
      "9": 0.00040952416020445526,
      "3": 0.0003785979642998427
    }
  }
}